{"train_accuracy": 1.0, "train_log_loss": 9.992007221626415e-16, "train_roc_auc": 1.0, "cv_accuracy": 0.868483709273183, "cv_log_loss": -0.33894933251018655, "cv_roc_auc": 0.9242434904996483}