{"train_accuracy": 1.0, "train_log_loss": 9.992007221626413e-16, "train_roc_auc": 1.0, "cv_accuracy": 0.8469936708860759, "cv_log_loss": -0.37391685993735047, "cv_roc_auc": 0.9094144836763579}